Index,Title,Value
1.1.1,Title,400000+ Free Flowers Images & Flower Photos [HD]
1.2.1,Title,1-800-Flowers.com: Flowers | Flower Delivery | Fresh Flowers ...
1.3.1,Title,Flower
1.4.1,Title,500+ Flower Images [HQ] | Download Free Flower Pictures ...
1.5.1,Title,100000+ Best Flower Images · 100% Free Download
1.6.1,Title,500+ Flower Pictures [HD] | Download Free Images on ...
1.7.1,Title,"Flower | Definition, Parts, Anatomy, Types,& Facts"
1.8.1,Title,86 Best Types of Flowers (With Pictures!) for Your Garden
1.1.2,Link,https://pixabay.com/images/search/flowers/
1.2.2,Link,https://www.1800flowers.com/
1.3.2,Link,https://en.wikipedia.org/wiki/Flower
1.4.2,Link,https://unsplash.com/s/photos/flowers
1.5.2,Link,https://www.pexels.com/search/flowers/
1.6.2,Link,https://unsplash.com/images/nature/flower
1.7.2,Link,https://www.britannica.com/science/flower
1.8.2,Link,https://www.countryliving.com/gardening/g3280/flower-pictures/
1.1.3,Content,Download & use free flowers stock photos in high resolution ✓ New free images everyday ✓ HD to 4K ✓ Best flowers pictures for all devices on Pixabay.
1.2.3,Content,"Send flowers and send a smile! Discover fresh flowers online, gift baskets, and florist-designed arrangements. Flower delivery is easy at 1-800-Flowers.com."
1.3.3,Content,"A flower, also known as a bloom or blossom, is the reproductive structure found in flowering plants Flowers consist of a combination of vegetative organs ..."
1.4.3,Content,Download the perfect flowers pictures. Find over 100+ of the best free flowers images. Free for commercial use ✓ No attribution required ✓ Copyright-free.
1.5.3,Content,Download and use 100000+ Flowers stock photos for free. ✓ Thousands of new images every day ✓ Completely Free to Use ✓ High-quality videos and images from ...
1.6.3,Content,Choose from hundreds of free flower pictures. Download HD flower photos for free on Unsplash.
1.7.3,Content,"Flower, the characteristic reproductive structure of angiosperms. Flowers facilitate the reproduction of angiosperm species through the production of seed ..."
1.8.3,Content,"२०२४ मार्च ६ — Learn about the most beautiful types of flowers with names and pictures. Your garden needs these annuals, perennials, and shrubs."
